{"cameraMode":{"drawMode":0,"name":"Shaded","section":"Shading Mode"},"sceneLighting":true,"audioPlay":false,"sceneViewState":{"showFog":true,"showMaterialUpdate":false,"showSkybox":true,"showFlares":true,"showImageEffects":true,"showParticleSystems":true},"in2DMode":false,"pivot":{"x":-6.469170570373535,"y":0.8415718674659729,"z":1.605224370956421},"rotation":{"x":0.05269472673535347,"y":0.7413280010223389,"z":-0.05861102044582367,"w":0.6664988994598389},"size":256.053466796875,"orthographic":false}